query,category
Spicy Mutton Sukka,Food
Masala Vada and coconut chutney,Food
Creamy Paneer Butter Masala,Food
Kothu Parotta with salna,Food
Mini Idli with sambar dip,Food
Crispy Onion Rava Dosa,Food
Flavorful Hyderabadi Veg Biryani,Food
Golden brown Gulab Jamun,Food
Refreshing Rose Milk,Food
Spicy Chilli Chicken,Food
Authentic Fish Curry with rice,Food
Sweet Kesari with dry fruits,Food
Authentic idli sambar breakfast,Food
Dindigul style mutton biryani,Food
Crispy ghee roast dosa,Food

Fine dining restaurant ambiance,Ambience
Cozy family dining restaurant,Ambience
Modern restaurant interior,Ambience
Traditional decor restaurant interior,Ambience
Bright well-lit dining area,Ambience

Romantic dinner setting,Dining Experience
Large group family dinner,Dining Experience
Tableside live grilling,Dining Experience
Traditional banana leaf meal,Dining Experience
Sunday brunch buffet,Dining Experience