image_path,caption
Restaurant_food_datasets/a2b/a2b_001.webp,sweet display counter with various indian sweets
Restaurant_food_datasets/a2b/a2b_002.webp,baklava sweet pieces with pista topping
Restaurant_food_datasets/a2b/a2b_003.webp,dahi puri chaat with sev and chutneys
Restaurant_food_datasets/a2b/a2b_004.webp,schezwan noodles
Restaurant_food_datasets/a2b/a2b_005.webp,paneer starter with tomato slice
Restaurant_food_datasets/a2b/a2b_006.webp,vegetable noodles with spring onion
Restaurant_food_datasets/a2b/a2b_007.webp,clean and vibrant restaurant dining hall with good lighting/environment
Restaurant_food_datasets/a2b/a2b_008.webp,sweet buffet counter displaying laddus poli and assorted sweets
Restaurant_food_datasets/a2b/a2b_009.webp,kesari sweet pieces
Restaurant_food_datasets/a2b/a2b_010.webp,gulab jamun and rasgulla sweets
Restaurant_food_datasets/a2b/a2b_011.webp,poori served with chana curry
Restaurant_food_datasets/a2b/a2b_012.webp,plain dosa served on banana leaf with chutney and sambar
Restaurant_food_datasets/a2b/a2b_013.webp,long crispy dosa served with chutneys on banana leaf
Restaurant_food_datasets/a2b/a2b_014.webp,sweets display counter with assorted burfi and ladoo trays
Restaurant_food_datasets/a2b/a2b_015.webp,south indian vegetarian thali meals
Restaurant_food_datasets/Absolute_Barbecues/absolute_barbecues_001.webp,live grill ingredient counter displaying sauces toppings and marinated items
Restaurant_food_datasets/Absolute_Barbecues/absolute_barbecues_002.webp,tableside live grilling station with skewered paneer and vegetables
Restaurant_food_datasets/Absolute_Barbecues/absolute_barbecues_003.webp,dessert buffet shelf displaying pastries puddings fruits and sweet cups
Restaurant_food_datasets/Absolute_Barbecues/absolute_barbecues_004.webp,assorted dessert plate with gulab jamun cake and custard servings
Restaurant_food_datasets/Absolute_Barbecues/absolute_barbecues_005.webp,jelly cubes and sliced cake 
Restaurant_food_datasets/Absolute_Barbecues/absolute_barbecues_006.webp,family dining with large space and good ambiance and lighting
Restaurant_food_datasets/Absolute_Barbecues/absolute_barbecues_007.webp,whole roasted meats with toppings   
Restaurant_food_datasets/Absolute_Barbecues/absolute_barbecues_008.webp,spacious seating area
Restaurant_food_datasets/Absolute_Barbecues/absolute_barbecues_009.webp,roasted whole meat with salad bowls
Restaurant_food_datasets/Absolute_Barbecues/absolute_barbecues_010.webp,restaurant dining hall with warm ceiling lights
Restaurant_food_datasets/Absolute_Barbecues/absolute_barbecues_011.webp,dessert buffet counter displaying cakes mousse cups and cut fruits
Restaurant_food_datasets/Absolute_Barbecues/absolute_barbecues_012.webp,salad buffet counter displaying pasta bowls vegetables and creamy dressings
Restaurant_food_datasets/Absolute_Barbecues/absolute_barbecues_013.webp,blue mocktail drink served in glass
Restaurant_food_datasets/Absolute_Barbecues/absolute_barbecues_014.webp,restaurant exterior with absolute barbecues signboard
Restaurant_food_datasets/Absolute_Barbecues/absolute_barbecues_015.webp,buffet service counter with covered trays
Restaurant_food_datasets/Absolute_Barbecues/absolute_barbecues_016.webp,ice cream scoops served in bowl
Restaurant_food_datasets/Absolute_Barbecues/absolute_barbecues_017.webp,live cooking station with grill top and prep counter equipment
Restaurant_food_datasets/Absolute_Barbecues/absolute_barbecues_018.webp,grilled squid served on plate with sauce and vegetable garnish
Restaurant_food_datasets/Absolute_Barbecues/absolute_barbecues_019.webp,mixed grilled chicken platter served with dip and sliced onion rings
Restaurant_food_datasets/Dindigul_Thalappakatti/dindigul_thalappakatti_001.webp,takeaway meal packaging with branded box and disposable bowls
Restaurant_food_datasets/Dindigul_Thalappakatti/dindigul_thalappakatti_002.webp,mutton biryani served on banana leaf with fish fry and curd
Restaurant_food_datasets/Dindigul_Thalappakatti/dindigul_thalappakatti_003.webp,grilled chicken platter served with dips onions and side salad
Restaurant_food_datasets/Dindigul_Thalappakatti/dindigul_thalappakatti_004.webp,mixed kebab platter served with grilled vegetables fries and white dip
Restaurant_food_datasets/Dindigul_Thalappakatti/dindigul_thalappakatti_005.webp,restaurant dining hall with booth seating and monochrome wall murals and silent ambiance
Restaurant_food_datasets/Dindigul_Thalappakatti/dindigul_thalappakatti_006.webp,restaurant exterior storefront with dindigul thalappakatti sign board
Restaurant_food_datasets/Dindigul_Thalappakatti/dindigul_thalappakatti_007.webp,south indian table spread with dosa parotta curries biryani and egg
Restaurant_food_datasets/Dindigul_Thalappakatti/dindigul_thalappakatti_008.webp,crispy fried fish strips
Restaurant_food_datasets/Dindigul_Thalappakatti/dindigul_thalappakatti_009.webp,vanilla ice cream dessert
Restaurant_food_datasets/Dindigul_Thalappakatti/dindigul_thalappakatti_010.webp,restaurant dining hall with cushioned booths and framed monochrome wall art with large seating area
Restaurant_food_datasets/Dindigul_Thalappakatti/dindigul_thalappakatti_011.webp,grilled fish pieces
Restaurant_food_datasets/Dindigul_Thalappakatti/dindigul_thalappakatti_012.webp,fried fish fingers served on platter with onions and curry dip
Restaurant_food_datasets/Dindigul_Thalappakatti/dindigul_thalappakatti_013.webp,chicken lollipop
Restaurant_food_datasets/Dindigul_Thalappakatti/dindigul_thalappakatti_014.webp,spicy mutton curry served with kola urundai and biryani pot
Restaurant_food_datasets/Dindigul_Thalappakatti/dindigul_thalappakatti_015.webp,juice from dindigul thalappakatti
Restaurant_food_datasets/Dindigul_Thalappakatti/dindigul_thalappakatti_016.webp,restaurant table setting with banana leaf place mat and menu stand in dindigul thalappakatti
Restaurant_food_datasets/Dindigul_Thalappakatti/dindigul_thalappakatti_017.webp,dining table spread with biryani fish fry and side dishes
Restaurant_food_datasets/Dindigul_Thalappakatti/dindigul_thalappakatti_018.webp,restaurant dining hall with neatly arranged tables pendant lights and chairs
Restaurant_food_datasets/Dindigul_Thalappakatti/dindigul_thalappakatti_019.webp,spicy dry meat fry served on metal platter with onions
Restaurant_food_datasets/Dindigul_Thalappakatti/dindigul_thalappakatti_020.webp,restaurant dining area with vintage photo mural and booth seating
Restaurant_food_datasets/Dindigul_Thalappakatti/dindigul_thalappakatti_021.webp,restaurant table view with branded menu card and hanging ceiling light
Restaurant_food_datasets/Dindigul_Thalappakatti/dindigul_thalappakatti_022.webp,restaurant menu folder placed on table above printed food placemat
Restaurant_food_datasets/Dindigul_Thalappakatti/dindigul_thalappakatti_023.webp,mixed starter platter served with biryani bowls and dipping sauces
Restaurant_food_datasets/Dindigul_Thalappakatti/dindigul_thalappakatti_024.webp,grilled chicken pieces served on wooden board with three dips
Restaurant_food_datasets/Dindigul_Thalappakatti/dindigul_thalappakatti_025.webp,biryani served on banana leaf with mutton pieces and boiled egg
Restaurant_food_datasets/Murugan_Idli_Shop/murugan_idli_shop_001.webp,ghee roast dosa with chutney and sambar
Restaurant_food_datasets/Murugan_Idli_Shop/murugan_idli_shop_002.webp,idli podi with idli and ghee
Restaurant_food_datasets/Murugan_Idli_Shop/murugan_idli_shop_003.webp,idli and vada served with sambar and assorted chutneys
Restaurant_food_datasets/Murugan_Idli_Shop/murugan_idli_shop_004.webp,medu vada with coconut chutney on banana leaf
Restaurant_food_datasets/Murugan_Idli_Shop/murugan_idli_shop_005.webp,kuzhi paniyaram served with assorted chutneys on banana leaf
Restaurant_food_datasets/Murugan_Idli_Shop/murugan_idli_shop_006.webp,assorted tiffin snacks served with chutneys and sambar bowls
Restaurant_food_datasets/Murugan_Idli_Shop/murugan_idli_shop_007.webp,south indian breakfast plate with pongal chutney kesari and papad
Restaurant_food_datasets/Murugan_Idli_Shop/murugan_idli_shop_008.webp,restaurant entrance with murugan idli shop welcome signboard above doorway
Restaurant_food_datasets/Sangeetha_Veg_Restaurant/sangeetha_veg_restaurant_001.webp,restaurant exterior with decorative musician sculpture and illuminated billboard backdrop
Restaurant_food_datasets/Sangeetha_Veg_Restaurant/sangeetha_veg_restaurant_002.webp,fruit mocktail juice with umbrella garnish
Restaurant_food_datasets/Sangeetha_Veg_Restaurant/sangeetha_veg_restaurant_003.webp,onion uttapam with chutneys and sambar 
Restaurant_food_datasets/Sangeetha_Veg_Restaurant/sangeetha_veg_restaurant_004.webp,pani puri 
Restaurant_food_datasets/Sangeetha_Veg_Restaurant/sangeetha_veg_restaurant_005.webp,kuzhi paniyaram with chutneys and sambar
Restaurant_food_datasets/Sangeetha_Veg_Restaurant/sangeetha_veg_restaurant_006.webp,watermelon juice with fruit slice garnish
Restaurant_food_datasets/Sangeetha_Veg_Restaurant/sangeetha_veg_restaurant_007.webp,pongal and medu vada with chutneys 
Restaurant_food_datasets/Sangeetha_Veg_Restaurant/sangeetha_veg_restaurant_008.webp,chapati rice curries raita and gulab jamun
Restaurant_food_datasets/Sangeetha_Veg_Restaurant/sangeetha_veg_restaurant_009.webp,restaurant exterior storefront with sangeetha veg signboard and sidewalk chairs
Restaurant_food_datasets/Sangeetha_Veg_Restaurant/sangeetha_veg_restaurant_010.webp,gobi manchurian with spring onion
Restaurant_food_datasets/Sangeetha_Veg_Restaurant/sangeetha_veg_restaurant_011.webp,restaurant exterior at night with sangeetha veg illuminated entrance sign
Restaurant_food_datasets/Sangeetha_Veg_Restaurant/sangeetha_veg_restaurant_012.webp,vegetarian thali with chapati appam curries and sweet
Restaurant_food_datasets/Sangeetha_Veg_Restaurant/sangeetha_veg_restaurant_013.webp,south indian meals thali with rice and multiple side bowls
Restaurant_food_datasets/Sangeetha_Veg_Restaurant/sangeetha_veg_restaurant_014.webp,mixed vegetarian thali with biryani papad and curries
Restaurant_food_datasets/Sangeetha_Veg_Restaurant/sangeetha_veg_restaurant_015.webp,paneer starter with onion capsicum and curry side bowl
Restaurant_food_datasets/Sangeetha_Veg_Restaurant/sangeetha_veg_restaurant_016.webp,north indian style thali with roti and multiple curries
Restaurant_food_datasets/Sangeetha_Veg_Restaurant/sangeetha_veg_restaurant_017.webp,restaurant service counter with digital menu boards and open kitchen
Restaurant_food_datasets/Sangeetha_Veg_Restaurant/sangeetha_veg_restaurant_018.webp,tiffin combo plate with medu vada paniyaram and chutneys
Restaurant_food_datasets/Sangeetha_Veg_Restaurant/sangeetha_veg_restaurant_019.webp,long masala dosa on banana leaf with chutneys
Restaurant_food_datasets/southern_spice/southern_spice_001.webp,welcome chutney platter with papad rings and assorted condiments
Restaurant_food_datasets/southern_spice/southern_spice_002.webp,chutney tasting tray served on banana leaf with three bowls
Restaurant_food_datasets/southern_spice/southern_spice_003.webp,idiyappam served with curries and cut fruit salad bowl
Restaurant_food_datasets/southern_spice/southern_spice_004.webp,table setup with chutney trays papad and plated condiments
Restaurant_food_datasets/southern_spice/southern_spice_005.webp,restaurant dining hall with mural wall art and table settings
Restaurant_food_datasets/southern_spice/southern_spice_006.webp,round dining table with silver plates folded napkins and cutlery
Restaurant_food_datasets/southern_spice/southern_spice_007.webp,banana leaf feast with multiple curries breads and accompaniments
Restaurant_food_datasets/southern_spice/southern_spice_008.webp,crispy starter platter with murukku papad and fried snack pieces
Restaurant_food_datasets/southern_spice/southern_spice_009.webp,private dining hall with long table and traditional mural backdrop
Restaurant_food_datasets/southern_spice/southern_spice_010.webp,chutney tasting tray with four condiments beside lotus centerpiece
Restaurant_food_datasets/southern_spice/southern_spice_011.webp,assorted crispy welcome snacks
Restaurant_food_datasets/southern_spice/southern_spice_012.webp,meal with idiyappam parotta and curries
Restaurant_food_datasets/southern_spice/southern_spice_013.webp,grilled seafood fish and prawn 
Restaurant_food_datasets/southern_spice/southern_spice_014.webp,restaurant dining hall with pillar architecture and traditional wall mural
Restaurant_food_datasets/southern_spice/southern_spice_015.webp,banana leaf meal with fish curry parotta and idiyappam
Restaurant_food_datasets/southern_spice/southern_spice_016.webp,parotta idiyappam curries and raita and meals
Restaurant_food_datasets/southern_spice/southern_spice_017.webp,idiyappam parotta and curry bowls and meals
