image_name,restaurant
a2b_001.webp,a2b
a2b_002.webp,a2b
a2b_003.webp,a2b
a2b_004.webp,a2b
a2b_005.webp,a2b
a2b_006.webp,a2b
a2b_007.webp,a2b
a2b_008.webp,a2b
a2b_009.webp,a2b
a2b_010.webp,a2b
a2b_011.webp,a2b
a2b_012.webp,a2b
a2b_013.webp,a2b
a2b_014.webp,a2b
a2b_015.webp,a2b
absolute_barbecues_001.webp,Absolute_Barbecues
absolute_barbecues_002.webp,Absolute_Barbecues
absolute_barbecues_003.webp,Absolute_Barbecues
absolute_barbecues_004.webp,Absolute_Barbecues
absolute_barbecues_005.webp,Absolute_Barbecues
absolute_barbecues_006.webp,Absolute_Barbecues
absolute_barbecues_007.webp,Absolute_Barbecues
absolute_barbecues_008.webp,Absolute_Barbecues
absolute_barbecues_009.webp,Absolute_Barbecues
absolute_barbecues_010.webp,Absolute_Barbecues
absolute_barbecues_011.webp,Absolute_Barbecues
absolute_barbecues_012.webp,Absolute_Barbecues
absolute_barbecues_013.webp,Absolute_Barbecues
absolute_barbecues_014.webp,Absolute_Barbecues
absolute_barbecues_015.webp,Absolute_Barbecues
absolute_barbecues_016.webp,Absolute_Barbecues
absolute_barbecues_017.webp,Absolute_Barbecues
absolute_barbecues_018.webp,Absolute_Barbecues
absolute_barbecues_019.webp,Absolute_Barbecues
dindigul_thalappakatti_001.webp,Dindigul_Thalappakatti
dindigul_thalappakatti_002.webp,Dindigul_Thalappakatti
dindigul_thalappakatti_003.webp,Dindigul_Thalappakatti
dindigul_thalappakatti_004.webp,Dindigul_Thalappakatti
dindigul_thalappakatti_005.webp,Dindigul_Thalappakatti
dindigul_thalappakatti_006.webp,Dindigul_Thalappakatti
dindigul_thalappakatti_007.webp,Dindigul_Thalappakatti
dindigul_thalappakatti_008.webp,Dindigul_Thalappakatti
dindigul_thalappakatti_009.webp,Dindigul_Thalappakatti
dindigul_thalappakatti_010.webp,Dindigul_Thalappakatti
dindigul_thalappakatti_011.webp,Dindigul_Thalappakatti
dindigul_thalappakatti_012.webp,Dindigul_Thalappakatti
dindigul_thalappakatti_013.webp,Dindigul_Thalappakatti
dindigul_thalappakatti_014.webp,Dindigul_Thalappakatti
dindigul_thalappakatti_015.webp,Dindigul_Thalappakatti
dindigul_thalappakatti_016.webp,Dindigul_Thalappakatti
dindigul_thalappakatti_017.webp,Dindigul_Thalappakatti
dindigul_thalappakatti_018.webp,Dindigul_Thalappakatti
dindigul_thalappakatti_019.webp,Dindigul_Thalappakatti
dindigul_thalappakatti_020.webp,Dindigul_Thalappakatti
dindigul_thalappakatti_021.webp,Dindigul_Thalappakatti
dindigul_thalappakatti_022.webp,Dindigul_Thalappakatti
dindigul_thalappakatti_023.webp,Dindigul_Thalappakatti
dindigul_thalappakatti_024.webp,Dindigul_Thalappakatti
dindigul_thalappakatti_025.webp,Dindigul_Thalappakatti
murugan_idli_shop_001.webp,Murugan_Idli_Shop
murugan_idli_shop_002.webp,Murugan_Idli_Shop
murugan_idli_shop_003.webp,Murugan_Idli_Shop
murugan_idli_shop_004.webp,Murugan_Idli_Shop
murugan_idli_shop_005.webp,Murugan_Idli_Shop
murugan_idli_shop_006.webp,Murugan_Idli_Shop
murugan_idli_shop_007.webp,Murugan_Idli_Shop
murugan_idli_shop_008.webp,Murugan_Idli_Shop
sangeetha_veg_restaurant_001.webp,Sangeetha_Veg_Restaurant
sangeetha_veg_restaurant_002.webp,Sangeetha_Veg_Restaurant
sangeetha_veg_restaurant_003.webp,Sangeetha_Veg_Restaurant
sangeetha_veg_restaurant_004.webp,Sangeetha_Veg_Restaurant
sangeetha_veg_restaurant_005.webp,Sangeetha_Veg_Restaurant
sangeetha_veg_restaurant_006.webp,Sangeetha_Veg_Restaurant
sangeetha_veg_restaurant_007.webp,Sangeetha_Veg_Restaurant
sangeetha_veg_restaurant_008.webp,Sangeetha_Veg_Restaurant
sangeetha_veg_restaurant_009.webp,Sangeetha_Veg_Restaurant
sangeetha_veg_restaurant_010.webp,Sangeetha_Veg_Restaurant
sangeetha_veg_restaurant_011.webp,Sangeetha_Veg_Restaurant
sangeetha_veg_restaurant_012.webp,Sangeetha_Veg_Restaurant
sangeetha_veg_restaurant_013.webp,Sangeetha_Veg_Restaurant
sangeetha_veg_restaurant_014.webp,Sangeetha_Veg_Restaurant
sangeetha_veg_restaurant_015.webp,Sangeetha_Veg_Restaurant
sangeetha_veg_restaurant_016.webp,Sangeetha_Veg_Restaurant
sangeetha_veg_restaurant_017.webp,Sangeetha_Veg_Restaurant
sangeetha_veg_restaurant_018.webp,Sangeetha_Veg_Restaurant
sangeetha_veg_restaurant_019.webp,Sangeetha_Veg_Restaurant
southern_spice_001.webp,southern_spice
southern_spice_002.webp,southern_spice
southern_spice_003.webp,southern_spice
southern_spice_004.webp,southern_spice
southern_spice_005.webp,southern_spice
southern_spice_006.webp,southern_spice
southern_spice_007.webp,southern_spice
southern_spice_008.webp,southern_spice
southern_spice_009.webp,southern_spice
southern_spice_010.webp,southern_spice
southern_spice_011.webp,southern_spice
southern_spice_012.webp,southern_spice
southern_spice_013.webp,southern_spice
southern_spice_014.webp,southern_spice
southern_spice_015.webp,southern_spice
southern_spice_016.webp,southern_spice
southern_spice_017.webp,southern_spice
