query,category,method,relevant_count,first_relevant_rank,top1,top3,top5,mrr,top1_path,top1_score,top5_paths,silver_relevance_top_examples
Spicy Mutton Sukka,Food,CLIP,3,4.0,0.0,0.0,1.0,0.25,Restaurant_food_datasets/southern_spice/southern_spice_016.webp,0.28858262300491333,Restaurant_food_datasets/southern_spice/southern_spice_016.webp | Restaurant_food_datasets/a2b/a2b_006.webp | Restaurant_food_datasets/Dindigul_Thalappakatti/dindigul_thalappakatti_013.webp | Restaurant_food_datasets/Dindigul_Thalappakatti/dindigul_thalappakatti_019.webp | Restaurant_food_datasets/Sangeetha_Veg_Restaurant/sangeetha_veg_restaurant_010.webp,Restaurant_food_datasets/Dindigul_Thalappakatti/dindigul_thalappakatti_014.webp:0.67 | Restaurant_food_datasets/Dindigul_Thalappakatti/dindigul_thalappakatti_002.webp:0.33 | Restaurant_food_datasets/Dindigul_Thalappakatti/dindigul_thalappakatti_019.webp:0.33
Spicy Mutton Sukka,Food,Manual,3,1.0,1.0,1.0,1.0,1.0,Restaurant_food_datasets/Dindigul_Thalappakatti/dindigul_thalappakatti_014.webp,0.6144377589225769,Restaurant_food_datasets/Dindigul_Thalappakatti/dindigul_thalappakatti_014.webp | Restaurant_food_datasets/Dindigul_Thalappakatti/dindigul_thalappakatti_002.webp | Restaurant_food_datasets/southern_spice/southern_spice_008.webp | Restaurant_food_datasets/Dindigul_Thalappakatti/dindigul_thalappakatti_025.webp | Restaurant_food_datasets/Murugan_Idli_Shop/murugan_idli_shop_005.webp,Restaurant_food_datasets/Dindigul_Thalappakatti/dindigul_thalappakatti_014.webp:0.67 | Restaurant_food_datasets/Dindigul_Thalappakatti/dindigul_thalappakatti_002.webp:0.33 | Restaurant_food_datasets/Dindigul_Thalappakatti/dindigul_thalappakatti_019.webp:0.33
Spicy Mutton Sukka,Food,VLM,3,1.0,1.0,1.0,1.0,1.0,Restaurant_food_datasets/Dindigul_Thalappakatti/dindigul_thalappakatti_014.webp,0.6144377589225769,Restaurant_food_datasets/Dindigul_Thalappakatti/dindigul_thalappakatti_014.webp | Restaurant_food_datasets/Dindigul_Thalappakatti/dindigul_thalappakatti_002.webp | Restaurant_food_datasets/southern_spice/southern_spice_008.webp | Restaurant_food_datasets/Dindigul_Thalappakatti/dindigul_thalappakatti_025.webp | Restaurant_food_datasets/Murugan_Idli_Shop/murugan_idli_shop_005.webp,Restaurant_food_datasets/Dindigul_Thalappakatti/dindigul_thalappakatti_014.webp:0.67 | Restaurant_food_datasets/Dindigul_Thalappakatti/dindigul_thalappakatti_002.webp:0.33 | Restaurant_food_datasets/Dindigul_Thalappakatti/dindigul_thalappakatti_019.webp:0.33
Masala Vada and coconut chutney,Food,CLIP,11,1.0,1.0,1.0,1.0,1.0,Restaurant_food_datasets/Murugan_Idli_Shop/murugan_idli_shop_004.webp,0.3441511392593384,Restaurant_food_datasets/Murugan_Idli_Shop/murugan_idli_shop_004.webp | Restaurant_food_datasets/Sangeetha_Veg_Restaurant/sangeetha_veg_restaurant_005.webp | Restaurant_food_datasets/Sangeetha_Veg_Restaurant/sangeetha_veg_restaurant_007.webp | Restaurant_food_datasets/Murugan_Idli_Shop/murugan_idli_shop_006.webp | Restaurant_food_datasets/Murugan_Idli_Shop/murugan_idli_shop_005.webp,Restaurant_food_datasets/Murugan_Idli_Shop/murugan_idli_shop_004.webp:0.75 | Restaurant_food_datasets/Murugan_Idli_Shop/murugan_idli_shop_001.webp:0.25 | Restaurant_food_datasets/Murugan_Idli_Shop/murugan_idli_shop_003.webp:0.25
Masala Vada and coconut chutney,Food,Manual,11,1.0,1.0,1.0,1.0,1.0,Restaurant_food_datasets/Murugan_Idli_Shop/murugan_idli_shop_004.webp,0.7322336435317993,Restaurant_food_datasets/Murugan_Idli_Shop/murugan_idli_shop_004.webp | Restaurant_food_datasets/Sangeetha_Veg_Restaurant/sangeetha_veg_restaurant_019.webp | Restaurant_food_datasets/Sangeetha_Veg_Restaurant/sangeetha_veg_restaurant_007.webp | Restaurant_food_datasets/a2b/a2b_003.webp | Restaurant_food_datasets/Sangeetha_Veg_Restaurant/sangeetha_veg_restaurant_008.webp,Restaurant_food_datasets/Murugan_Idli_Shop/murugan_idli_shop_004.webp:0.75 | Restaurant_food_datasets/Murugan_Idli_Shop/murugan_idli_shop_001.webp:0.25 | Restaurant_food_datasets/Murugan_Idli_Shop/murugan_idli_shop_003.webp:0.25
Masala Vada and coconut chutney,Food,VLM,11,1.0,1.0,1.0,1.0,1.0,Restaurant_food_datasets/Murugan_Idli_Shop/murugan_idli_shop_004.webp,0.7238508462905884,Restaurant_food_datasets/Murugan_Idli_Shop/murugan_idli_shop_004.webp | Restaurant_food_datasets/Sangeetha_Veg_Restaurant/sangeetha_veg_restaurant_019.webp | Restaurant_food_datasets/Murugan_Idli_Shop/murugan_idli_shop_001.webp | Restaurant_food_datasets/Murugan_Idli_Shop/murugan_idli_shop_005.webp | Restaurant_food_datasets/a2b/a2b_012.webp,Restaurant_food_datasets/Murugan_Idli_Shop/murugan_idli_shop_004.webp:0.75 | Restaurant_food_datasets/Murugan_Idli_Shop/murugan_idli_shop_001.webp:0.25 | Restaurant_food_datasets/Murugan_Idli_Shop/murugan_idli_shop_003.webp:0.25
Creamy Paneer Butter Masala,Food,CLIP,3,17.0,0.0,0.0,0.0,0.058823529411764705,Restaurant_food_datasets/Sangeetha_Veg_Restaurant/sangeetha_veg_restaurant_007.webp,0.27149635553359985,Restaurant_food_datasets/Sangeetha_Veg_Restaurant/sangeetha_veg_restaurant_007.webp | Restaurant_food_datasets/a2b/a2b_012.webp | Restaurant_food_datasets/Absolute_Barbecues/absolute_barbecues_019.webp | Restaurant_food_datasets/southern_spice/southern_spice_017.webp | Restaurant_food_datasets/Sangeetha_Veg_Restaurant/sangeetha_veg_restaurant_010.webp,Restaurant_food_datasets/Absolute_Barbecues/absolute_barbecues_002.webp:0.25 | Restaurant_food_datasets/Absolute_Barbecues/absolute_barbecues_012.webp:0.25 | Restaurant_food_datasets/Dindigul_Thalappakatti/dindigul_thalappakatti_013.webp:0.25
Creamy Paneer Butter Masala,Food,Manual,3,1.0,1.0,1.0,1.0,1.0,Restaurant_food_datasets/Sangeetha_Veg_Restaurant/sangeetha_veg_restaurant_015.webp,0.49816256761550903,Restaurant_food_datasets/Sangeetha_Veg_Restaurant/sangeetha_veg_restaurant_015.webp | Restaurant_food_datasets/Sangeetha_Veg_Restaurant/sangeetha_veg_restaurant_019.webp | Restaurant_food_datasets/Murugan_Idli_Shop/murugan_idli_shop_007.webp | Restaurant_food_datasets/a2b/a2b_005.webp | Restaurant_food_datasets/Murugan_Idli_Shop/murugan_idli_shop_001.webp,Restaurant_food_datasets/Absolute_Barbecues/absolute_barbecues_002.webp:0.25 | Restaurant_food_datasets/Absolute_Barbecues/absolute_barbecues_012.webp:0.25 | Restaurant_food_datasets/Dindigul_Thalappakatti/dindigul_thalappakatti_013.webp:0.25
Creamy Paneer Butter Masala,Food,VLM,3,1.0,1.0,1.0,1.0,1.0,Restaurant_food_datasets/Sangeetha_Veg_Restaurant/sangeetha_veg_restaurant_015.webp,0.502779483795166,Restaurant_food_datasets/Sangeetha_Veg_Restaurant/sangeetha_veg_restaurant_015.webp | Restaurant_food_datasets/Sangeetha_Veg_Restaurant/sangeetha_veg_restaurant_019.webp | Restaurant_food_datasets/Murugan_Idli_Shop/murugan_idli_shop_007.webp | Restaurant_food_datasets/a2b/a2b_005.webp | Restaurant_food_datasets/Murugan_Idli_Shop/murugan_idli_shop_001.webp,Restaurant_food_datasets/Absolute_Barbecues/absolute_barbecues_002.webp:0.25 | Restaurant_food_datasets/Absolute_Barbecues/absolute_barbecues_012.webp:0.25 | Restaurant_food_datasets/Dindigul_Thalappakatti/dindigul_thalappakatti_013.webp:0.25
Kothu Parotta with salna,Food,CLIP,4,5.0,0.0,0.0,1.0,0.2,Restaurant_food_datasets/Murugan_Idli_Shop/murugan_idli_shop_005.webp,0.3209439516067505,Restaurant_food_datasets/Murugan_Idli_Shop/murugan_idli_shop_005.webp | Restaurant_food_datasets/Sangeetha_Veg_Restaurant/sangeetha_veg_restaurant_013.webp | Restaurant_food_datasets/Murugan_Idli_Shop/murugan_idli_shop_003.webp | Restaurant_food_datasets/Dindigul_Thalappakatti/dindigul_thalappakatti_025.webp | Restaurant_food_datasets/southern_spice/southern_spice_017.webp,Restaurant_food_datasets/Dindigul_Thalappakatti/dindigul_thalappakatti_007.webp:0.33 | Restaurant_food_datasets/southern_spice/southern_spice_012.webp:0.33 | Restaurant_food_datasets/southern_spice/southern_spice_015.webp:0.33
Kothu Parotta with salna,Food,Manual,4,3.0,0.0,1.0,1.0,0.3333333333333333,Restaurant_food_datasets/southern_spice/southern_spice_016.webp,0.46310538053512573,Restaurant_food_datasets/southern_spice/southern_spice_016.webp | Restaurant_food_datasets/a2b/a2b_003.webp | Restaurant_food_datasets/southern_spice/southern_spice_012.webp | Restaurant_food_datasets/southern_spice/southern_spice_015.webp | Restaurant_food_datasets/Sangeetha_Veg_Restaurant/sangeetha_veg_restaurant_004.webp,Restaurant_food_datasets/Dindigul_Thalappakatti/dindigul_thalappakatti_007.webp:0.33 | Restaurant_food_datasets/southern_spice/southern_spice_012.webp:0.33 | Restaurant_food_datasets/southern_spice/southern_spice_015.webp:0.33
Kothu Parotta with salna,Food,VLM,4,2.0,0.0,1.0,1.0,0.5,Restaurant_food_datasets/southern_spice/southern_spice_016.webp,0.43884462118148804,Restaurant_food_datasets/southern_spice/southern_spice_016.webp | Restaurant_food_datasets/southern_spice/southern_spice_015.webp | Restaurant_food_datasets/southern_spice/southern_spice_012.webp | Restaurant_food_datasets/Dindigul_Thalappakatti/dindigul_thalappakatti_007.webp | Restaurant_food_datasets/Sangeetha_Veg_Restaurant/sangeetha_veg_restaurant_007.webp,Restaurant_food_datasets/Dindigul_Thalappakatti/dindigul_thalappakatti_007.webp:0.33 | Restaurant_food_datasets/southern_spice/southern_spice_012.webp:0.33 | Restaurant_food_datasets/southern_spice/southern_spice_015.webp:0.33
Mini Idli with sambar dip,Food,CLIP,12,4.0,0.0,0.0,1.0,0.25,Restaurant_food_datasets/Sangeetha_Veg_Restaurant/sangeetha_veg_restaurant_007.webp,0.34441909193992615,Restaurant_food_datasets/Sangeetha_Veg_Restaurant/sangeetha_veg_restaurant_007.webp | Restaurant_food_datasets/Sangeetha_Veg_Restaurant/sangeetha_veg_restaurant_005.webp | Restaurant_food_datasets/southern_spice/southern_spice_003.webp | Restaurant_food_datasets/Murugan_Idli_Shop/murugan_idli_shop_006.webp | Restaurant_food_datasets/Murugan_Idli_Shop/murugan_idli_shop_004.webp,Restaurant_food_datasets/Murugan_Idli_Shop/murugan_idli_shop_001.webp:0.60 | Restaurant_food_datasets/Murugan_Idli_Shop/murugan_idli_shop_003.webp:0.60 | Restaurant_food_datasets/Murugan_Idli_Shop/murugan_idli_shop_006.webp:0.60
Mini Idli with sambar dip,Food,Manual,12,1.0,1.0,1.0,1.0,1.0,Restaurant_food_datasets/Murugan_Idli_Shop/murugan_idli_shop_003.webp,0.6422538757324219,Restaurant_food_datasets/Murugan_Idli_Shop/murugan_idli_shop_003.webp | Restaurant_food_datasets/Sangeetha_Veg_Restaurant/sangeetha_veg_restaurant_005.webp | Restaurant_food_datasets/a2b/a2b_012.webp | Restaurant_food_datasets/Murugan_Idli_Shop/murugan_idli_shop_002.webp | Restaurant_food_datasets/Sangeetha_Veg_Restaurant/sangeetha_veg_restaurant_003.webp,Restaurant_food_datasets/Murugan_Idli_Shop/murugan_idli_shop_001.webp:0.60 | Restaurant_food_datasets/Murugan_Idli_Shop/murugan_idli_shop_003.webp:0.60 | Restaurant_food_datasets/Murugan_Idli_Shop/murugan_idli_shop_006.webp:0.60
Mini Idli with sambar dip,Food,VLM,12,1.0,1.0,1.0,1.0,1.0,Restaurant_food_datasets/Murugan_Idli_Shop/murugan_idli_shop_003.webp,0.6422538757324219,Restaurant_food_datasets/Murugan_Idli_Shop/murugan_idli_shop_003.webp | Restaurant_food_datasets/Sangeetha_Veg_Restaurant/sangeetha_veg_restaurant_005.webp | Restaurant_food_datasets/a2b/a2b_012.webp | Restaurant_food_datasets/southern_spice/southern_spice_003.webp | Restaurant_food_datasets/Murugan_Idli_Shop/murugan_idli_shop_001.webp,Restaurant_food_datasets/Murugan_Idli_Shop/murugan_idli_shop_001.webp:0.60 | Restaurant_food_datasets/Murugan_Idli_Shop/murugan_idli_shop_003.webp:0.60 | Restaurant_food_datasets/Murugan_Idli_Shop/murugan_idli_shop_006.webp:0.60
Crispy Onion Rava Dosa,Food,CLIP,13,1.0,1.0,1.0,1.0,1.0,Restaurant_food_datasets/Sangeetha_Veg_Restaurant/sangeetha_veg_restaurant_003.webp,0.33129099011421204,Restaurant_food_datasets/Sangeetha_Veg_Restaurant/sangeetha_veg_restaurant_003.webp | Restaurant_food_datasets/a2b/a2b_013.webp | Restaurant_food_datasets/Murugan_Idli_Shop/murugan_idli_shop_001.webp | Restaurant_food_datasets/a2b/a2b_006.webp | Restaurant_food_datasets/Sangeetha_Veg_Restaurant/sangeetha_veg_restaurant_019.webp,Restaurant_food_datasets/a2b/a2b_013.webp:0.50 | Restaurant_food_datasets/Absolute_Barbecues/absolute_barbecues_019.webp:0.25 | Restaurant_food_datasets/Dindigul_Thalappakatti/dindigul_thalappakatti_007.webp:0.25
Crispy Onion Rava Dosa,Food,Manual,13,1.0,1.0,1.0,1.0,1.0,Restaurant_food_datasets/a2b/a2b_013.webp,0.575271487236023,Restaurant_food_datasets/a2b/a2b_013.webp | Restaurant_food_datasets/Dindigul_Thalappakatti/dindigul_thalappakatti_019.webp | Restaurant_food_datasets/southern_spice/southern_spice_011.webp | Restaurant_food_datasets/southern_spice/southern_spice_008.webp | Restaurant_food_datasets/Dindigul_Thalappakatti/dindigul_thalappakatti_012.webp,Restaurant_food_datasets/a2b/a2b_013.webp:0.50 | Restaurant_food_datasets/Absolute_Barbecues/absolute_barbecues_019.webp:0.25 | Restaurant_food_datasets/Dindigul_Thalappakatti/dindigul_thalappakatti_007.webp:0.25
Crispy Onion Rava Dosa,Food,VLM,13,1.0,1.0,1.0,1.0,1.0,Restaurant_food_datasets/a2b/a2b_013.webp,0.5620825886726379,Restaurant_food_datasets/a2b/a2b_013.webp | Restaurant_food_datasets/Dindigul_Thalappakatti/dindigul_thalappakatti_019.webp | Restaurant_food_datasets/Sangeetha_Veg_Restaurant/sangeetha_veg_restaurant_003.webp | Restaurant_food_datasets/southern_spice/southern_spice_008.webp | Restaurant_food_datasets/Sangeetha_Veg_Restaurant/sangeetha_veg_restaurant_004.webp,Restaurant_food_datasets/a2b/a2b_013.webp:0.50 | Restaurant_food_datasets/Absolute_Barbecues/absolute_barbecues_019.webp:0.25 | Restaurant_food_datasets/Dindigul_Thalappakatti/dindigul_thalappakatti_007.webp:0.25
Flavorful Hyderabadi Veg Biryani,Food,CLIP,18,3.0,0.0,1.0,1.0,0.3333333333333333,Restaurant_food_datasets/a2b/a2b_006.webp,0.3062067925930023,Restaurant_food_datasets/a2b/a2b_006.webp | Restaurant_food_datasets/a2b/a2b_003.webp | Restaurant_food_datasets/Sangeetha_Veg_Restaurant/sangeetha_veg_restaurant_014.webp | Restaurant_food_datasets/a2b/a2b_011.webp | Restaurant_food_datasets/a2b/a2b_005.webp,Restaurant_food_datasets/Sangeetha_Veg_Restaurant/sangeetha_veg_restaurant_014.webp:0.60 | Restaurant_food_datasets/Sangeetha_Veg_Restaurant/sangeetha_veg_restaurant_001.webp:0.35 | Restaurant_food_datasets/Sangeetha_Veg_Restaurant/sangeetha_veg_restaurant_002.webp:0.35
Flavorful Hyderabadi Veg Biryani,Food,Manual,18,2.0,0.0,1.0,1.0,0.5,Restaurant_food_datasets/southern_spice/southern_spice_016.webp,0.5789722204208374,Restaurant_food_datasets/southern_spice/southern_spice_016.webp | Restaurant_food_datasets/Dindigul_Thalappakatti/dindigul_thalappakatti_014.webp | Restaurant_food_datasets/Sangeetha_Veg_Restaurant/sangeetha_veg_restaurant_014.webp | Restaurant_food_datasets/Dindigul_Thalappakatti/dindigul_thalappakatti_002.webp | Restaurant_food_datasets/southern_spice/southern_spice_012.webp,Restaurant_food_datasets/Sangeetha_Veg_Restaurant/sangeetha_veg_restaurant_014.webp:0.60 | Restaurant_food_datasets/Sangeetha_Veg_Restaurant/sangeetha_veg_restaurant_001.webp:0.35 | Restaurant_food_datasets/Sangeetha_Veg_Restaurant/sangeetha_veg_restaurant_002.webp:0.35
Flavorful Hyderabadi Veg Biryani,Food,VLM,18,1.0,1.0,1.0,1.0,1.0,Restaurant_food_datasets/Dindigul_Thalappakatti/dindigul_thalappakatti_014.webp,0.5521855354309082,Restaurant_food_datasets/Dindigul_Thalappakatti/dindigul_thalappakatti_014.webp | Restaurant_food_datasets/Dindigul_Thalappakatti/dindigul_thalappakatti_002.webp | Restaurant_food_datasets/Sangeetha_Veg_Restaurant/sangeetha_veg_restaurant_014.webp | Restaurant_food_datasets/Dindigul_Thalappakatti/dindigul_thalappakatti_007.webp | Restaurant_food_datasets/Dindigul_Thalappakatti/dindigul_thalappakatti_025.webp,Restaurant_food_datasets/Sangeetha_Veg_Restaurant/sangeetha_veg_restaurant_014.webp:0.60 | Restaurant_food_datasets/Sangeetha_Veg_Restaurant/sangeetha_veg_restaurant_001.webp:0.35 | Restaurant_food_datasets/Sangeetha_Veg_Restaurant/sangeetha_veg_restaurant_002.webp:0.35
Golden brown Gulab Jamun,Food,CLIP,3,1.0,1.0,1.0,1.0,1.0,Restaurant_food_datasets/a2b/a2b_010.webp,0.31884241104125977,Restaurant_food_datasets/a2b/a2b_010.webp | Restaurant_food_datasets/Dindigul_Thalappakatti/dindigul_thalappakatti_009.webp | Restaurant_food_datasets/Murugan_Idli_Shop/murugan_idli_shop_006.webp | Restaurant_food_datasets/a2b/a2b_014.webp | Restaurant_food_datasets/Absolute_Barbecues/absolute_barbecues_004.webp,Restaurant_food_datasets/Absolute_Barbecues/absolute_barbecues_004.webp:1.00 | Restaurant_food_datasets/Sangeetha_Veg_Restaurant/sangeetha_veg_restaurant_008.webp:1.00 | Restaurant_food_datasets/a2b/a2b_010.webp:1.00
Golden brown Gulab Jamun,Food,Manual,3,1.0,1.0,1.0,1.0,1.0,Restaurant_food_datasets/a2b/a2b_010.webp,0.7166149616241455,Restaurant_food_datasets/a2b/a2b_010.webp | Restaurant_food_datasets/Sangeetha_Veg_Restaurant/sangeetha_veg_restaurant_008.webp | Restaurant_food_datasets/Absolute_Barbecues/absolute_barbecues_004.webp | Restaurant_food_datasets/Murugan_Idli_Shop/murugan_idli_shop_001.webp | Restaurant_food_datasets/Murugan_Idli_Shop/murugan_idli_shop_004.webp,Restaurant_food_datasets/Absolute_Barbecues/absolute_barbecues_004.webp:1.00 | Restaurant_food_datasets/Sangeetha_Veg_Restaurant/sangeetha_veg_restaurant_008.webp:1.00 | Restaurant_food_datasets/a2b/a2b_010.webp:1.00
Golden brown Gulab Jamun,Food,VLM,3,1.0,1.0,1.0,1.0,1.0,Restaurant_food_datasets/Absolute_Barbecues/absolute_barbecues_004.webp,0.512243390083313,Restaurant_food_datasets/Absolute_Barbecues/absolute_barbecues_004.webp | Restaurant_food_datasets/a2b/a2b_010.webp | Restaurant_food_datasets/Murugan_Idli_Shop/murugan_idli_shop_001.webp | Restaurant_food_datasets/Sangeetha_Veg_Restaurant/sangeetha_veg_restaurant_008.webp | Restaurant_food_datasets/Sangeetha_Veg_Restaurant/sangeetha_veg_restaurant_004.webp,Restaurant_food_datasets/Absolute_Barbecues/absolute_barbecues_004.webp:1.00 | Restaurant_food_datasets/Sangeetha_Veg_Restaurant/sangeetha_veg_restaurant_008.webp:1.00 | Restaurant_food_datasets/a2b/a2b_010.webp:1.00
Refreshing Rose Milk,Food,CLIP,3,53.0,0.0,0.0,0.0,0.018867924528301886,Restaurant_food_datasets/Sangeetha_Veg_Restaurant/sangeetha_veg_restaurant_006.webp,0.2819857895374298,Restaurant_food_datasets/Sangeetha_Veg_Restaurant/sangeetha_veg_restaurant_006.webp | Restaurant_food_datasets/Absolute_Barbecues/absolute_barbecues_013.webp | Restaurant_food_datasets/Dindigul_Thalappakatti/dindigul_thalappakatti_015.webp | Restaurant_food_datasets/Sangeetha_Veg_Restaurant/sangeetha_veg_restaurant_002.webp | Restaurant_food_datasets/southern_spice/southern_spice_010.webp,Restaurant_food_datasets/Absolute_Barbecues/absolute_barbecues_001.webp:0.00 | Restaurant_food_datasets/Absolute_Barbecues/absolute_barbecues_002.webp:0.00 | Restaurant_food_datasets/Absolute_Barbecues/absolute_barbecues_003.webp:0.00
Refreshing Rose Milk,Food,Manual,3,31.0,0.0,0.0,0.0,0.03225806451612903,Restaurant_food_datasets/Dindigul_Thalappakatti/dindigul_thalappakatti_015.webp,0.3607827126979828,Restaurant_food_datasets/Dindigul_Thalappakatti/dindigul_thalappakatti_015.webp | Restaurant_food_datasets/a2b/a2b_013.webp | Restaurant_food_datasets/Dindigul_Thalappakatti/dindigul_thalappakatti_009.webp | Restaurant_food_datasets/Dindigul_Thalappakatti/dindigul_thalappakatti_013.webp | Restaurant_food_datasets/southern_spice/southern_spice_015.webp,Restaurant_food_datasets/Absolute_Barbecues/absolute_barbecues_001.webp:0.00 | Restaurant_food_datasets/Absolute_Barbecues/absolute_barbecues_002.webp:0.00 | Restaurant_food_datasets/Absolute_Barbecues/absolute_barbecues_003.webp:0.00
Refreshing Rose Milk,Food,VLM,3,31.0,0.0,0.0,0.0,0.03225806451612903,Restaurant_food_datasets/Dindigul_Thalappakatti/dindigul_thalappakatti_013.webp,0.3612334132194519,Restaurant_food_datasets/Dindigul_Thalappakatti/dindigul_thalappakatti_013.webp | Restaurant_food_datasets/Dindigul_Thalappakatti/dindigul_thalappakatti_009.webp | Restaurant_food_datasets/a2b/a2b_013.webp | Restaurant_food_datasets/Dindigul_Thalappakatti/dindigul_thalappakatti_008.webp | Restaurant_food_datasets/southern_spice/southern_spice_015.webp,Restaurant_food_datasets/Absolute_Barbecues/absolute_barbecues_001.webp:0.00 | Restaurant_food_datasets/Absolute_Barbecues/absolute_barbecues_002.webp:0.00 | Restaurant_food_datasets/Absolute_Barbecues/absolute_barbecues_003.webp:0.00
Spicy Chilli Chicken,Food,CLIP,5,4.0,0.0,0.0,1.0,0.25,Restaurant_food_datasets/Sangeetha_Veg_Restaurant/sangeetha_veg_restaurant_010.webp,0.3165789246559143,Restaurant_food_datasets/Sangeetha_Veg_Restaurant/sangeetha_veg_restaurant_010.webp | Restaurant_food_datasets/Sangeetha_Veg_Restaurant/sangeetha_veg_restaurant_015.webp | Restaurant_food_datasets/Dindigul_Thalappakatti/dindigul_thalappakatti_011.webp | Restaurant_food_datasets/Absolute_Barbecues/absolute_barbecues_019.webp | Restaurant_food_datasets/Dindigul_Thalappakatti/dindigul_thalappakatti_024.webp,Restaurant_food_datasets/Absolute_Barbecues/absolute_barbecues_019.webp:0.33 | Restaurant_food_datasets/Dindigul_Thalappakatti/dindigul_thalappakatti_003.webp:0.33 | Restaurant_food_datasets/Dindigul_Thalappakatti/dindigul_thalappakatti_013.webp:0.33
Spicy Chilli Chicken,Food,Manual,5,2.0,0.0,1.0,1.0,0.5,Restaurant_food_datasets/Dindigul_Thalappakatti/dindigul_thalappakatti_013.webp,0.5177716016769409,Restaurant_food_datasets/Dindigul_Thalappakatti/dindigul_thalappakatti_013.webp | Restaurant_food_datasets/Dindigul_Thalappakatti/dindigul_thalappakatti_019.webp | Restaurant_food_datasets/Dindigul_Thalappakatti/dindigul_thalappakatti_003.webp | Restaurant_food_datasets/Dindigul_Thalappakatti/dindigul_thalappakatti_014.webp | Restaurant_food_datasets/Absolute_Barbecues/absolute_barbecues_019.webp,Restaurant_food_datasets/Absolute_Barbecues/absolute_barbecues_019.webp:0.33 | Restaurant_food_datasets/Dindigul_Thalappakatti/dindigul_thalappakatti_003.webp:0.33 | Restaurant_food_datasets/Dindigul_Thalappakatti/dindigul_thalappakatti_013.webp:0.33
Spicy Chilli Chicken,Food,VLM,5,1.0,1.0,1.0,1.0,1.0,Restaurant_food_datasets/Dindigul_Thalappakatti/dindigul_thalappakatti_019.webp,0.5122901201248169,Restaurant_food_datasets/Dindigul_Thalappakatti/dindigul_thalappakatti_019.webp | Restaurant_food_datasets/Dindigul_Thalappakatti/dindigul_thalappakatti_003.webp | Restaurant_food_datasets/Dindigul_Thalappakatti/dindigul_thalappakatti_014.webp | Restaurant_food_datasets/Absolute_Barbecues/absolute_barbecues_019.webp | Restaurant_food_datasets/Dindigul_Thalappakatti/dindigul_thalappakatti_013.webp,Restaurant_food_datasets/Absolute_Barbecues/absolute_barbecues_019.webp:0.33 | Restaurant_food_datasets/Dindigul_Thalappakatti/dindigul_thalappakatti_003.webp:0.33 | Restaurant_food_datasets/Dindigul_Thalappakatti/dindigul_thalappakatti_013.webp:0.33
Authentic Fish Curry with rice,Food,CLIP,15,1.0,1.0,1.0,1.0,1.0,Restaurant_food_datasets/Sangeetha_Veg_Restaurant/sangeetha_veg_restaurant_013.webp,0.2922753393650055,Restaurant_food_datasets/Sangeetha_Veg_Restaurant/sangeetha_veg_restaurant_013.webp | Restaurant_food_datasets/southern_spice/southern_spice_017.webp | Restaurant_food_datasets/Dindigul_Thalappakatti/dindigul_thalappakatti_002.webp | Restaurant_food_datasets/Sangeetha_Veg_Restaurant/sangeetha_veg_restaurant_008.webp | Restaurant_food_datasets/Dindigul_Thalappakatti/dindigul_thalappakatti_016.webp,Restaurant_food_datasets/Dindigul_Thalappakatti/dindigul_thalappakatti_012.webp:0.67 | Restaurant_food_datasets/southern_spice/southern_spice_015.webp:0.67 | Restaurant_food_datasets/Dindigul_Thalappakatti/dindigul_thalappakatti_002.webp:0.33
Authentic Fish Curry with rice,Food,Manual,15,1.0,1.0,1.0,1.0,1.0,Restaurant_food_datasets/southern_spice/southern_spice_015.webp,0.6277785301208496,Restaurant_food_datasets/southern_spice/southern_spice_015.webp | Restaurant_food_datasets/Sangeetha_Veg_Restaurant/sangeetha_veg_restaurant_008.webp | Restaurant_food_datasets/Dindigul_Thalappakatti/dindigul_thalappakatti_012.webp | Restaurant_food_datasets/Sangeetha_Veg_Restaurant/sangeetha_veg_restaurant_012.webp | Restaurant_food_datasets/southern_spice/southern_spice_003.webp,Restaurant_food_datasets/Dindigul_Thalappakatti/dindigul_thalappakatti_012.webp:0.67 | Restaurant_food_datasets/southern_spice/southern_spice_015.webp:0.67 | Restaurant_food_datasets/Dindigul_Thalappakatti/dindigul_thalappakatti_002.webp:0.33
Authentic Fish Curry with rice,Food,VLM,15,1.0,1.0,1.0,1.0,1.0,Restaurant_food_datasets/southern_spice/southern_spice_015.webp,0.6377987861633301,Restaurant_food_datasets/southern_spice/southern_spice_015.webp | Restaurant_food_datasets/Dindigul_Thalappakatti/dindigul_thalappakatti_012.webp | Restaurant_food_datasets/a2b/a2b_011.webp | Restaurant_food_datasets/Sangeetha_Veg_Restaurant/sangeetha_veg_restaurant_008.webp | Restaurant_food_datasets/southern_spice/southern_spice_003.webp,Restaurant_food_datasets/Dindigul_Thalappakatti/dindigul_thalappakatti_012.webp:0.67 | Restaurant_food_datasets/southern_spice/southern_spice_015.webp:0.67 | Restaurant_food_datasets/Dindigul_Thalappakatti/dindigul_thalappakatti_002.webp:0.33
Sweet Kesari with dry fruits,Food,CLIP,9,2.0,0.0,1.0,1.0,0.5,Restaurant_food_datasets/Murugan_Idli_Shop/murugan_idli_shop_006.webp,0.2963438332080841,Restaurant_food_datasets/Murugan_Idli_Shop/murugan_idli_shop_006.webp | Restaurant_food_datasets/a2b/a2b_009.webp | Restaurant_food_datasets/Murugan_Idli_Shop/murugan_idli_shop_003.webp | Restaurant_food_datasets/a2b/a2b_002.webp | Restaurant_food_datasets/Murugan_Idli_Shop/murugan_idli_shop_004.webp,Restaurant_food_datasets/Absolute_Barbecues/absolute_barbecues_003.webp:0.50 | Restaurant_food_datasets/a2b/a2b_009.webp:0.50 | Restaurant_food_datasets/Absolute_Barbecues/absolute_barbecues_011.webp:0.25
Sweet Kesari with dry fruits,Food,Manual,9,1.0,1.0,1.0,1.0,1.0,Restaurant_food_datasets/a2b/a2b_009.webp,0.6791406869888306,Restaurant_food_datasets/a2b/a2b_009.webp | Restaurant_food_datasets/Murugan_Idli_Shop/murugan_idli_shop_005.webp | Restaurant_food_datasets/Murugan_Idli_Shop/murugan_idli_shop_007.webp | Restaurant_food_datasets/a2b/a2b_013.webp | Restaurant_food_datasets/Sangeetha_Veg_Restaurant/sangeetha_veg_restaurant_006.webp,Restaurant_food_datasets/Absolute_Barbecues/absolute_barbecues_003.webp:0.50 | Restaurant_food_datasets/a2b/a2b_009.webp:0.50 | Restaurant_food_datasets/Absolute_Barbecues/absolute_barbecues_011.webp:0.25
Sweet Kesari with dry fruits,Food,VLM,9,1.0,1.0,1.0,1.0,1.0,Restaurant_food_datasets/a2b/a2b_009.webp,0.5406410694122314,Restaurant_food_datasets/a2b/a2b_009.webp | Restaurant_food_datasets/Murugan_Idli_Shop/murugan_idli_shop_005.webp | Restaurant_food_datasets/Murugan_Idli_Shop/murugan_idli_shop_007.webp | Restaurant_food_datasets/a2b/a2b_013.webp | Restaurant_food_datasets/Sangeetha_Veg_Restaurant/sangeetha_veg_restaurant_005.webp,Restaurant_food_datasets/Absolute_Barbecues/absolute_barbecues_003.webp:0.50 | Restaurant_food_datasets/a2b/a2b_009.webp:0.50 | Restaurant_food_datasets/Absolute_Barbecues/absolute_barbecues_011.webp:0.25
Authentic idli sambar breakfast,Food,CLIP,8,2.0,0.0,1.0,1.0,0.5,Restaurant_food_datasets/Sangeetha_Veg_Restaurant/sangeetha_veg_restaurant_007.webp,0.329253226518631,Restaurant_food_datasets/Sangeetha_Veg_Restaurant/sangeetha_veg_restaurant_007.webp | Restaurant_food_datasets/a2b/a2b_012.webp | Restaurant_food_datasets/Murugan_Idli_Shop/murugan_idli_shop_005.webp | Restaurant_food_datasets/Murugan_Idli_Shop/murugan_idli_shop_003.webp | Restaurant_food_datasets/Sangeetha_Veg_Restaurant/sangeetha_veg_restaurant_005.webp,Restaurant_food_datasets/Murugan_Idli_Shop/murugan_idli_shop_001.webp:0.77 | Restaurant_food_datasets/Murugan_Idli_Shop/murugan_idli_shop_003.webp:0.77 | Restaurant_food_datasets/Murugan_Idli_Shop/murugan_idli_shop_006.webp:0.77
Authentic idli sambar breakfast,Food,Manual,8,1.0,1.0,1.0,1.0,1.0,Restaurant_food_datasets/Murugan_Idli_Shop/murugan_idli_shop_003.webp,0.6325225234031677,Restaurant_food_datasets/Murugan_Idli_Shop/murugan_idli_shop_003.webp | Restaurant_food_datasets/Sangeetha_Veg_Restaurant/sangeetha_veg_restaurant_005.webp | Restaurant_food_datasets/southern_spice/southern_spice_003.webp | Restaurant_food_datasets/Murugan_Idli_Shop/murugan_idli_shop_007.webp | Restaurant_food_datasets/southern_spice/southern_spice_012.webp,Restaurant_food_datasets/Murugan_Idli_Shop/murugan_idli_shop_001.webp:0.77 | Restaurant_food_datasets/Murugan_Idli_Shop/murugan_idli_shop_003.webp:0.77 | Restaurant_food_datasets/Murugan_Idli_Shop/murugan_idli_shop_006.webp:0.77
Authentic idli sambar breakfast,Food,VLM,8,1.0,1.0,1.0,1.0,1.0,Restaurant_food_datasets/Murugan_Idli_Shop/murugan_idli_shop_003.webp,0.6325225830078125,Restaurant_food_datasets/Murugan_Idli_Shop/murugan_idli_shop_003.webp | Restaurant_food_datasets/Sangeetha_Veg_Restaurant/sangeetha_veg_restaurant_005.webp | Restaurant_food_datasets/southern_spice/southern_spice_003.webp | Restaurant_food_datasets/Murugan_Idli_Shop/murugan_idli_shop_007.webp | Restaurant_food_datasets/a2b/a2b_012.webp,Restaurant_food_datasets/Murugan_Idli_Shop/murugan_idli_shop_001.webp:0.77 | Restaurant_food_datasets/Murugan_Idli_Shop/murugan_idli_shop_003.webp:0.77 | Restaurant_food_datasets/Murugan_Idli_Shop/murugan_idli_shop_006.webp:0.77
Dindigul style mutton biryani,Food,CLIP,19,1.0,1.0,1.0,1.0,1.0,Restaurant_food_datasets/Dindigul_Thalappakatti/dindigul_thalappakatti_025.webp,0.29919156432151794,Restaurant_food_datasets/Dindigul_Thalappakatti/dindigul_thalappakatti_025.webp | Restaurant_food_datasets/Sangeetha_Veg_Restaurant/sangeetha_veg_restaurant_014.webp | Restaurant_food_datasets/Murugan_Idli_Shop/murugan_idli_shop_007.webp | Restaurant_food_datasets/Dindigul_Thalappakatti/dindigul_thalappakatti_007.webp | Restaurant_food_datasets/a2b/a2b_011.webp,Restaurant_food_datasets/Dindigul_Thalappakatti/dindigul_thalappakatti_002.webp:1.10 | Restaurant_food_datasets/Dindigul_Thalappakatti/dindigul_thalappakatti_014.webp:1.10 | Restaurant_food_datasets/Dindigul_Thalappakatti/dindigul_thalappakatti_025.webp:1.10
Dindigul style mutton biryani,Food,Manual,19,1.0,1.0,1.0,1.0,1.0,Restaurant_food_datasets/Dindigul_Thalappakatti/dindigul_thalappakatti_002.webp,0.5786869525909424,Restaurant_food_datasets/Dindigul_Thalappakatti/dindigul_thalappakatti_002.webp | Restaurant_food_datasets/Dindigul_Thalappakatti/dindigul_thalappakatti_014.webp | Restaurant_food_datasets/Dindigul_Thalappakatti/dindigul_thalappakatti_025.webp | Restaurant_food_datasets/Murugan_Idli_Shop/murugan_idli_shop_007.webp | Restaurant_food_datasets/Dindigul_Thalappakatti/dindigul_thalappakatti_023.webp,Restaurant_food_datasets/Dindigul_Thalappakatti/dindigul_thalappakatti_002.webp:1.10 | Restaurant_food_datasets/Dindigul_Thalappakatti/dindigul_thalappakatti_014.webp:1.10 | Restaurant_food_datasets/Dindigul_Thalappakatti/dindigul_thalappakatti_025.webp:1.10
Dindigul style mutton biryani,Food,VLM,19,1.0,1.0,1.0,1.0,1.0,Restaurant_food_datasets/Dindigul_Thalappakatti/dindigul_thalappakatti_002.webp,0.5786869525909424,Restaurant_food_datasets/Dindigul_Thalappakatti/dindigul_thalappakatti_002.webp | Restaurant_food_datasets/Dindigul_Thalappakatti/dindigul_thalappakatti_014.webp | Restaurant_food_datasets/Dindigul_Thalappakatti/dindigul_thalappakatti_025.webp | Restaurant_food_datasets/Murugan_Idli_Shop/murugan_idli_shop_007.webp | Restaurant_food_datasets/Dindigul_Thalappakatti/dindigul_thalappakatti_023.webp,Restaurant_food_datasets/Dindigul_Thalappakatti/dindigul_thalappakatti_002.webp:1.10 | Restaurant_food_datasets/Dindigul_Thalappakatti/dindigul_thalappakatti_014.webp:1.10 | Restaurant_food_datasets/Dindigul_Thalappakatti/dindigul_thalappakatti_025.webp:1.10
Crispy ghee roast dosa,Food,CLIP,7,1.0,1.0,1.0,1.0,1.0,Restaurant_food_datasets/a2b/a2b_013.webp,0.3207896649837494,Restaurant_food_datasets/a2b/a2b_013.webp | Restaurant_food_datasets/Sangeetha_Veg_Restaurant/sangeetha_veg_restaurant_003.webp | Restaurant_food_datasets/Murugan_Idli_Shop/murugan_idli_shop_001.webp | Restaurant_food_datasets/Sangeetha_Veg_Restaurant/sangeetha_veg_restaurant_019.webp | Restaurant_food_datasets/a2b/a2b_012.webp,Restaurant_food_datasets/Murugan_Idli_Shop/murugan_idli_shop_001.webp:0.75 | Restaurant_food_datasets/a2b/a2b_013.webp:0.50 | Restaurant_food_datasets/Dindigul_Thalappakatti/dindigul_thalappakatti_007.webp:0.25
Crispy ghee roast dosa,Food,Manual,7,1.0,1.0,1.0,1.0,1.0,Restaurant_food_datasets/Murugan_Idli_Shop/murugan_idli_shop_001.webp,0.7168542146682739,Restaurant_food_datasets/Murugan_Idli_Shop/murugan_idli_shop_001.webp | Restaurant_food_datasets/a2b/a2b_013.webp | Restaurant_food_datasets/southern_spice/southern_spice_008.webp | Restaurant_food_datasets/Absolute_Barbecues/absolute_barbecues_007.webp | Restaurant_food_datasets/Sangeetha_Veg_Restaurant/sangeetha_veg_restaurant_019.webp,Restaurant_food_datasets/Murugan_Idli_Shop/murugan_idli_shop_001.webp:0.75 | Restaurant_food_datasets/a2b/a2b_013.webp:0.50 | Restaurant_food_datasets/Dindigul_Thalappakatti/dindigul_thalappakatti_007.webp:0.25
Crispy ghee roast dosa,Food,VLM,7,1.0,1.0,1.0,1.0,1.0,Restaurant_food_datasets/Murugan_Idli_Shop/murugan_idli_shop_001.webp,0.7357292175292969,Restaurant_food_datasets/Murugan_Idli_Shop/murugan_idli_shop_001.webp | Restaurant_food_datasets/a2b/a2b_013.webp | Restaurant_food_datasets/a2b/a2b_011.webp | Restaurant_food_datasets/southern_spice/southern_spice_008.webp | Restaurant_food_datasets/Sangeetha_Veg_Restaurant/sangeetha_veg_restaurant_019.webp,Restaurant_food_datasets/Murugan_Idli_Shop/murugan_idli_shop_001.webp:0.75 | Restaurant_food_datasets/a2b/a2b_013.webp:0.50 | Restaurant_food_datasets/Dindigul_Thalappakatti/dindigul_thalappakatti_007.webp:0.25
Fine dining restaurant ambiance,Ambience,CLIP,2,2.0,0.0,1.0,1.0,0.5,Restaurant_food_datasets/southern_spice/southern_spice_005.webp,0.2878863215446472,Restaurant_food_datasets/southern_spice/southern_spice_005.webp | Restaurant_food_datasets/Dindigul_Thalappakatti/dindigul_thalappakatti_005.webp | Restaurant_food_datasets/southern_spice/southern_spice_014.webp | Restaurant_food_datasets/Dindigul_Thalappakatti/dindigul_thalappakatti_020.webp | Restaurant_food_datasets/Dindigul_Thalappakatti/dindigul_thalappakatti_010.webp,Restaurant_food_datasets/Absolute_Barbecues/absolute_barbecues_006.webp:1.00 | Restaurant_food_datasets/Dindigul_Thalappakatti/dindigul_thalappakatti_005.webp:1.00 | Restaurant_food_datasets/Absolute_Barbecues/absolute_barbecues_001.webp:0.00
Fine dining restaurant ambiance,Ambience,Manual,2,1.0,1.0,1.0,1.0,1.0,Restaurant_food_datasets/Absolute_Barbecues/absolute_barbecues_006.webp,0.6469488143920898,Restaurant_food_datasets/Absolute_Barbecues/absolute_barbecues_006.webp | Restaurant_food_datasets/Dindigul_Thalappakatti/dindigul_thalappakatti_005.webp | Restaurant_food_datasets/a2b/a2b_007.webp | Restaurant_food_datasets/southern_spice/southern_spice_005.webp | Restaurant_food_datasets/Dindigul_Thalappakatti/dindigul_thalappakatti_020.webp,Restaurant_food_datasets/Absolute_Barbecues/absolute_barbecues_006.webp:1.00 | Restaurant_food_datasets/Dindigul_Thalappakatti/dindigul_thalappakatti_005.webp:1.00 | Restaurant_food_datasets/Absolute_Barbecues/absolute_barbecues_001.webp:0.00
Fine dining restaurant ambiance,Ambience,VLM,2,4.0,0.0,0.0,1.0,0.25,Restaurant_food_datasets/southern_spice/southern_spice_005.webp,0.5985943078994751,Restaurant_food_datasets/southern_spice/southern_spice_005.webp | Restaurant_food_datasets/Dindigul_Thalappakatti/dindigul_thalappakatti_020.webp | Restaurant_food_datasets/southern_spice/southern_spice_014.webp | Restaurant_food_datasets/Absolute_Barbecues/absolute_barbecues_006.webp | Restaurant_food_datasets/Absolute_Barbecues/absolute_barbecues_008.webp,Restaurant_food_datasets/Absolute_Barbecues/absolute_barbecues_006.webp:1.00 | Restaurant_food_datasets/Dindigul_Thalappakatti/dindigul_thalappakatti_005.webp:1.00 | Restaurant_food_datasets/Absolute_Barbecues/absolute_barbecues_001.webp:0.00
Cozy family dining restaurant,Ambience,CLIP,1,7.0,0.0,0.0,0.0,0.14285714285714285,Restaurant_food_datasets/Absolute_Barbecues/absolute_barbecues_010.webp,0.2703888714313507,Restaurant_food_datasets/Absolute_Barbecues/absolute_barbecues_010.webp | Restaurant_food_datasets/Dindigul_Thalappakatti/dindigul_thalappakatti_018.webp | Restaurant_food_datasets/southern_spice/southern_spice_005.webp | Restaurant_food_datasets/Dindigul_Thalappakatti/dindigul_thalappakatti_005.webp | Restaurant_food_datasets/Dindigul_Thalappakatti/dindigul_thalappakatti_010.webp,Restaurant_food_datasets/Absolute_Barbecues/absolute_barbecues_006.webp:1.00 | Restaurant_food_datasets/Absolute_Barbecues/absolute_barbecues_001.webp:0.00 | Restaurant_food_datasets/Absolute_Barbecues/absolute_barbecues_002.webp:0.00
Cozy family dining restaurant,Ambience,Manual,1,1.0,1.0,1.0,1.0,1.0,Restaurant_food_datasets/Absolute_Barbecues/absolute_barbecues_006.webp,0.7236543297767639,Restaurant_food_datasets/Absolute_Barbecues/absolute_barbecues_006.webp | Restaurant_food_datasets/Dindigul_Thalappakatti/dindigul_thalappakatti_020.webp | Restaurant_food_datasets/southern_spice/southern_spice_005.webp | Restaurant_food_datasets/southern_spice/southern_spice_014.webp | Restaurant_food_datasets/Dindigul_Thalappakatti/dindigul_thalappakatti_018.webp,Restaurant_food_datasets/Absolute_Barbecues/absolute_barbecues_006.webp:1.00 | Restaurant_food_datasets/Absolute_Barbecues/absolute_barbecues_001.webp:0.00 | Restaurant_food_datasets/Absolute_Barbecues/absolute_barbecues_002.webp:0.00
Cozy family dining restaurant,Ambience,VLM,1,1.0,1.0,1.0,1.0,1.0,Restaurant_food_datasets/Absolute_Barbecues/absolute_barbecues_006.webp,0.6068083643913269,Restaurant_food_datasets/Absolute_Barbecues/absolute_barbecues_006.webp | Restaurant_food_datasets/Dindigul_Thalappakatti/dindigul_thalappakatti_020.webp | Restaurant_food_datasets/Absolute_Barbecues/absolute_barbecues_008.webp | Restaurant_food_datasets/southern_spice/southern_spice_005.webp | Restaurant_food_datasets/southern_spice/southern_spice_014.webp,Restaurant_food_datasets/Absolute_Barbecues/absolute_barbecues_006.webp:1.00 | Restaurant_food_datasets/Absolute_Barbecues/absolute_barbecues_001.webp:0.00 | Restaurant_food_datasets/Absolute_Barbecues/absolute_barbecues_002.webp:0.00
Modern restaurant interior,Ambience,CLIP,3,4.0,0.0,0.0,1.0,0.25,Restaurant_food_datasets/Dindigul_Thalappakatti/dindigul_thalappakatti_005.webp,0.3048984706401825,Restaurant_food_datasets/Dindigul_Thalappakatti/dindigul_thalappakatti_005.webp | Restaurant_food_datasets/Dindigul_Thalappakatti/dindigul_thalappakatti_020.webp | Restaurant_food_datasets/Dindigul_Thalappakatti/dindigul_thalappakatti_018.webp | Restaurant_food_datasets/Absolute_Barbecues/absolute_barbecues_010.webp | Restaurant_food_datasets/Dindigul_Thalappakatti/dindigul_thalappakatti_010.webp,Restaurant_food_datasets/Absolute_Barbecues/absolute_barbecues_001.webp:0.00 | Restaurant_food_datasets/Absolute_Barbecues/absolute_barbecues_002.webp:0.00 | Restaurant_food_datasets/Absolute_Barbecues/absolute_barbecues_003.webp:0.00
Modern restaurant interior,Ambience,Manual,3,15.0,0.0,0.0,0.0,0.06666666666666667,Restaurant_food_datasets/Dindigul_Thalappakatti/dindigul_thalappakatti_020.webp,0.6329727172851562,Restaurant_food_datasets/Dindigul_Thalappakatti/dindigul_thalappakatti_020.webp | Restaurant_food_datasets/southern_spice/southern_spice_014.webp | Restaurant_food_datasets/Sangeetha_Veg_Restaurant/sangeetha_veg_restaurant_001.webp | Restaurant_food_datasets/a2b/a2b_007.webp | Restaurant_food_datasets/Dindigul_Thalappakatti/dindigul_thalappakatti_005.webp,Restaurant_food_datasets/Absolute_Barbecues/absolute_barbecues_001.webp:0.00 | Restaurant_food_datasets/Absolute_Barbecues/absolute_barbecues_002.webp:0.00 | Restaurant_food_datasets/Absolute_Barbecues/absolute_barbecues_003.webp:0.00
Modern restaurant interior,Ambience,VLM,3,8.0,0.0,0.0,0.0,0.125,Restaurant_food_datasets/Absolute_Barbecues/absolute_barbecues_014.webp,0.6341137886047363,Restaurant_food_datasets/Absolute_Barbecues/absolute_barbecues_014.webp | Restaurant_food_datasets/Dindigul_Thalappakatti/dindigul_thalappakatti_020.webp | Restaurant_food_datasets/southern_spice/southern_spice_014.webp | Restaurant_food_datasets/Sangeetha_Veg_Restaurant/sangeetha_veg_restaurant_001.webp | Restaurant_food_datasets/Dindigul_Thalappakatti/dindigul_thalappakatti_010.webp,Restaurant_food_datasets/Absolute_Barbecues/absolute_barbecues_001.webp:0.00 | Restaurant_food_datasets/Absolute_Barbecues/absolute_barbecues_002.webp:0.00 | Restaurant_food_datasets/Absolute_Barbecues/absolute_barbecues_003.webp:0.00
Traditional decor restaurant interior,Ambience,CLIP,3,2.0,0.0,1.0,1.0,0.5,Restaurant_food_datasets/southern_spice/southern_spice_014.webp,0.3138406574726105,Restaurant_food_datasets/southern_spice/southern_spice_014.webp | Restaurant_food_datasets/Absolute_Barbecues/absolute_barbecues_010.webp | Restaurant_food_datasets/Dindigul_Thalappakatti/dindigul_thalappakatti_005.webp | Restaurant_food_datasets/Dindigul_Thalappakatti/dindigul_thalappakatti_020.webp | Restaurant_food_datasets/Dindigul_Thalappakatti/dindigul_thalappakatti_018.webp,Restaurant_food_datasets/Absolute_Barbecues/absolute_barbecues_001.webp:0.00 | Restaurant_food_datasets/Absolute_Barbecues/absolute_barbecues_002.webp:0.00 | Restaurant_food_datasets/Absolute_Barbecues/absolute_barbecues_003.webp:0.00
Traditional decor restaurant interior,Ambience,Manual,3,14.0,0.0,0.0,0.0,0.07142857142857142,Restaurant_food_datasets/a2b/a2b_007.webp,0.6731280088424683,Restaurant_food_datasets/a2b/a2b_007.webp | Restaurant_food_datasets/southern_spice/southern_spice_014.webp | Restaurant_food_datasets/Sangeetha_Veg_Restaurant/sangeetha_veg_restaurant_001.webp | Restaurant_food_datasets/Absolute_Barbecues/absolute_barbecues_014.webp | Restaurant_food_datasets/Dindigul_Thalappakatti/dindigul_thalappakatti_010.webp,Restaurant_food_datasets/Absolute_Barbecues/absolute_barbecues_001.webp:0.00 | Restaurant_food_datasets/Absolute_Barbecues/absolute_barbecues_002.webp:0.00 | Restaurant_food_datasets/Absolute_Barbecues/absolute_barbecues_003.webp:0.00
Traditional decor restaurant interior,Ambience,VLM,3,8.0,0.0,0.0,0.0,0.125,Restaurant_food_datasets/Absolute_Barbecues/absolute_barbecues_014.webp,0.6908167004585266,Restaurant_food_datasets/Absolute_Barbecues/absolute_barbecues_014.webp | Restaurant_food_datasets/Dindigul_Thalappakatti/dindigul_thalappakatti_010.webp | Restaurant_food_datasets/southern_spice/southern_spice_014.webp | Restaurant_food_datasets/Dindigul_Thalappakatti/dindigul_thalappakatti_005.webp | Restaurant_food_datasets/Sangeetha_Veg_Restaurant/sangeetha_veg_restaurant_001.webp,Restaurant_food_datasets/Absolute_Barbecues/absolute_barbecues_001.webp:0.00 | Restaurant_food_datasets/Absolute_Barbecues/absolute_barbecues_002.webp:0.00 | Restaurant_food_datasets/Absolute_Barbecues/absolute_barbecues_003.webp:0.00
Bright well-lit dining area,Ambience,CLIP,3,3.0,0.0,1.0,1.0,0.3333333333333333,Restaurant_food_datasets/Dindigul_Thalappakatti/dindigul_thalappakatti_018.webp,0.2665245532989502,Restaurant_food_datasets/Dindigul_Thalappakatti/dindigul_thalappakatti_018.webp | Restaurant_food_datasets/Dindigul_Thalappakatti/dindigul_thalappakatti_020.webp | Restaurant_food_datasets/Absolute_Barbecues/absolute_barbecues_010.webp | Restaurant_food_datasets/Dindigul_Thalappakatti/dindigul_thalappakatti_005.webp | Restaurant_food_datasets/Dindigul_Thalappakatti/dindigul_thalappakatti_010.webp,Restaurant_food_datasets/Absolute_Barbecues/absolute_barbecues_001.webp:0.00 | Restaurant_food_datasets/Absolute_Barbecues/absolute_barbecues_002.webp:0.00 | Restaurant_food_datasets/Absolute_Barbecues/absolute_barbecues_003.webp:0.00
Bright well-lit dining area,Ambience,Manual,3,1.0,1.0,1.0,1.0,1.0,Restaurant_food_datasets/Absolute_Barbecues/absolute_barbecues_006.webp,0.7253556847572327,Restaurant_food_datasets/Absolute_Barbecues/absolute_barbecues_006.webp | Restaurant_food_datasets/a2b/a2b_007.webp | Restaurant_food_datasets/Dindigul_Thalappakatti/dindigul_thalappakatti_018.webp | Restaurant_food_datasets/Absolute_Barbecues/absolute_barbecues_010.webp | Restaurant_food_datasets/Dindigul_Thalappakatti/dindigul_thalappakatti_020.webp,Restaurant_food_datasets/Absolute_Barbecues/absolute_barbecues_001.webp:0.00 | Restaurant_food_datasets/Absolute_Barbecues/absolute_barbecues_002.webp:0.00 | Restaurant_food_datasets/Absolute_Barbecues/absolute_barbecues_003.webp:0.00
Bright well-lit dining area,Ambience,VLM,3,3.0,0.0,1.0,1.0,0.3333333333333333,Restaurant_food_datasets/Dindigul_Thalappakatti/dindigul_thalappakatti_018.webp,0.6845191717147827,Restaurant_food_datasets/Dindigul_Thalappakatti/dindigul_thalappakatti_018.webp | Restaurant_food_datasets/Dindigul_Thalappakatti/dindigul_thalappakatti_020.webp | Restaurant_food_datasets/Absolute_Barbecues/absolute_barbecues_010.webp | Restaurant_food_datasets/Dindigul_Thalappakatti/dindigul_thalappakatti_010.webp | Restaurant_food_datasets/southern_spice/southern_spice_005.webp,Restaurant_food_datasets/Absolute_Barbecues/absolute_barbecues_001.webp:0.00 | Restaurant_food_datasets/Absolute_Barbecues/absolute_barbecues_002.webp:0.00 | Restaurant_food_datasets/Absolute_Barbecues/absolute_barbecues_003.webp:0.00
Romantic dinner setting,Dining Experience,CLIP,3,41.0,0.0,0.0,0.0,0.024390243902439025,Restaurant_food_datasets/southern_spice/southern_spice_006.webp,0.28369712829589844,Restaurant_food_datasets/southern_spice/southern_spice_006.webp | Restaurant_food_datasets/southern_spice/southern_spice_008.webp | Restaurant_food_datasets/southern_spice/southern_spice_009.webp | Restaurant_food_datasets/Dindigul_Thalappakatti/dindigul_thalappakatti_010.webp | Restaurant_food_datasets/Absolute_Barbecues/absolute_barbecues_010.webp,Restaurant_food_datasets/Absolute_Barbecues/absolute_barbecues_001.webp:0.00 | Restaurant_food_datasets/Absolute_Barbecues/absolute_barbecues_002.webp:0.00 | Restaurant_food_datasets/Absolute_Barbecues/absolute_barbecues_003.webp:0.00
Romantic dinner setting,Dining Experience,Manual,3,54.0,0.0,0.0,0.0,0.018518518518518517,Restaurant_food_datasets/Absolute_Barbecues/absolute_barbecues_006.webp,0.5066619515419006,Restaurant_food_datasets/Absolute_Barbecues/absolute_barbecues_006.webp | Restaurant_food_datasets/southern_spice/southern_spice_006.webp | Restaurant_food_datasets/Dindigul_Thalappakatti/dindigul_thalappakatti_018.webp | Restaurant_food_datasets/Dindigul_Thalappakatti/dindigul_thalappakatti_017.webp | Restaurant_food_datasets/southern_spice/southern_spice_005.webp,Restaurant_food_datasets/Absolute_Barbecues/absolute_barbecues_001.webp:0.00 | Restaurant_food_datasets/Absolute_Barbecues/absolute_barbecues_002.webp:0.00 | Restaurant_food_datasets/Absolute_Barbecues/absolute_barbecues_003.webp:0.00
Romantic dinner setting,Dining Experience,VLM,3,59.0,0.0,0.0,0.0,0.01694915254237288,Restaurant_food_datasets/southern_spice/southern_spice_006.webp,0.47620484232902527,Restaurant_food_datasets/southern_spice/southern_spice_006.webp | Restaurant_food_datasets/Dindigul_Thalappakatti/dindigul_thalappakatti_018.webp | Restaurant_food_datasets/Dindigul_Thalappakatti/dindigul_thalappakatti_017.webp | Restaurant_food_datasets/southern_spice/southern_spice_005.webp | Restaurant_food_datasets/Absolute_Barbecues/absolute_barbecues_006.webp,Restaurant_food_datasets/Absolute_Barbecues/absolute_barbecues_001.webp:0.00 | Restaurant_food_datasets/Absolute_Barbecues/absolute_barbecues_002.webp:0.00 | Restaurant_food_datasets/Absolute_Barbecues/absolute_barbecues_003.webp:0.00
Large group family dinner,Dining Experience,CLIP,3,18.0,0.0,0.0,0.0,0.05555555555555555,Restaurant_food_datasets/Absolute_Barbecues/absolute_barbecues_015.webp,0.2589118182659149,Restaurant_food_datasets/Absolute_Barbecues/absolute_barbecues_015.webp | Restaurant_food_datasets/Dindigul_Thalappakatti/dindigul_thalappakatti_021.webp | Restaurant_food_datasets/southern_spice/southern_spice_006.webp | Restaurant_food_datasets/southern_spice/southern_spice_008.webp | Restaurant_food_datasets/Dindigul_Thalappakatti/dindigul_thalappakatti_017.webp,Restaurant_food_datasets/Absolute_Barbecues/absolute_barbecues_006.webp:0.33 | Restaurant_food_datasets/Absolute_Barbecues/absolute_barbecues_001.webp:0.00 | Restaurant_food_datasets/Absolute_Barbecues/absolute_barbecues_002.webp:0.00
Large group family dinner,Dining Experience,Manual,3,38.0,0.0,0.0,0.0,0.02631578947368421,Restaurant_food_datasets/Absolute_Barbecues/absolute_barbecues_006.webp,0.6545016765594482,Restaurant_food_datasets/Absolute_Barbecues/absolute_barbecues_006.webp | Restaurant_food_datasets/southern_spice/southern_spice_009.webp | Restaurant_food_datasets/southern_spice/southern_spice_006.webp | Restaurant_food_datasets/Dindigul_Thalappakatti/dindigul_thalappakatti_017.webp | Restaurant_food_datasets/Dindigul_Thalappakatti/dindigul_thalappakatti_018.webp,Restaurant_food_datasets/Absolute_Barbecues/absolute_barbecues_006.webp:0.33 | Restaurant_food_datasets/Absolute_Barbecues/absolute_barbecues_001.webp:0.00 | Restaurant_food_datasets/Absolute_Barbecues/absolute_barbecues_002.webp:0.00
Large group family dinner,Dining Experience,VLM,3,46.0,0.0,0.0,0.0,0.021739130434782608,Restaurant_food_datasets/Absolute_Barbecues/absolute_barbecues_006.webp,0.4939243793487549,Restaurant_food_datasets/Absolute_Barbecues/absolute_barbecues_006.webp | Restaurant_food_datasets/southern_spice/southern_spice_009.webp | Restaurant_food_datasets/southern_spice/southern_spice_006.webp | Restaurant_food_datasets/Dindigul_Thalappakatti/dindigul_thalappakatti_017.webp | Restaurant_food_datasets/Dindigul_Thalappakatti/dindigul_thalappakatti_018.webp,Restaurant_food_datasets/Absolute_Barbecues/absolute_barbecues_006.webp:0.33 | Restaurant_food_datasets/Absolute_Barbecues/absolute_barbecues_001.webp:0.00 | Restaurant_food_datasets/Absolute_Barbecues/absolute_barbecues_002.webp:0.00
Tableside live grilling,Dining Experience,CLIP,3,1.0,1.0,1.0,1.0,1.0,Restaurant_food_datasets/Absolute_Barbecues/absolute_barbecues_002.webp,0.2852301597595215,Restaurant_food_datasets/Absolute_Barbecues/absolute_barbecues_002.webp | Restaurant_food_datasets/Absolute_Barbecues/absolute_barbecues_001.webp | Restaurant_food_datasets/Absolute_Barbecues/absolute_barbecues_015.webp | Restaurant_food_datasets/Absolute_Barbecues/absolute_barbecues_007.webp | Restaurant_food_datasets/Dindigul_Thalappakatti/dindigul_thalappakatti_003.webp,Restaurant_food_datasets/Absolute_Barbecues/absolute_barbecues_002.webp:1.20 | Restaurant_food_datasets/Absolute_Barbecues/absolute_barbecues_001.webp:0.33 | Restaurant_food_datasets/Absolute_Barbecues/absolute_barbecues_013.webp:0.33
Tableside live grilling,Dining Experience,Manual,3,1.0,1.0,1.0,1.0,1.0,Restaurant_food_datasets/Absolute_Barbecues/absolute_barbecues_002.webp,0.7674733400344849,Restaurant_food_datasets/Absolute_Barbecues/absolute_barbecues_002.webp | Restaurant_food_datasets/Absolute_Barbecues/absolute_barbecues_017.webp | Restaurant_food_datasets/Dindigul_Thalappakatti/dindigul_thalappakatti_011.webp | Restaurant_food_datasets/Absolute_Barbecues/absolute_barbecues_014.webp | Restaurant_food_datasets/Absolute_Barbecues/absolute_barbecues_001.webp,Restaurant_food_datasets/Absolute_Barbecues/absolute_barbecues_002.webp:1.20 | Restaurant_food_datasets/Absolute_Barbecues/absolute_barbecues_001.webp:0.33 | Restaurant_food_datasets/Absolute_Barbecues/absolute_barbecues_013.webp:0.33
Tableside live grilling,Dining Experience,VLM,3,1.0,1.0,1.0,1.0,1.0,Restaurant_food_datasets/Absolute_Barbecues/absolute_barbecues_002.webp,0.7674733400344849,Restaurant_food_datasets/Absolute_Barbecues/absolute_barbecues_002.webp | Restaurant_food_datasets/Absolute_Barbecues/absolute_barbecues_017.webp | Restaurant_food_datasets/Absolute_Barbecues/absolute_barbecues_001.webp | Restaurant_food_datasets/Dindigul_Thalappakatti/dindigul_thalappakatti_024.webp | Restaurant_food_datasets/Absolute_Barbecues/absolute_barbecues_014.webp,Restaurant_food_datasets/Absolute_Barbecues/absolute_barbecues_002.webp:1.20 | Restaurant_food_datasets/Absolute_Barbecues/absolute_barbecues_001.webp:0.33 | Restaurant_food_datasets/Absolute_Barbecues/absolute_barbecues_013.webp:0.33
Traditional banana leaf meal,Dining Experience,CLIP,20,1.0,1.0,1.0,1.0,1.0,Restaurant_food_datasets/Dindigul_Thalappakatti/dindigul_thalappakatti_025.webp,0.3394358158111572,Restaurant_food_datasets/Dindigul_Thalappakatti/dindigul_thalappakatti_025.webp | Restaurant_food_datasets/Murugan_Idli_Shop/murugan_idli_shop_002.webp | Restaurant_food_datasets/Dindigul_Thalappakatti/dindigul_thalappakatti_002.webp | Restaurant_food_datasets/Murugan_Idli_Shop/murugan_idli_shop_007.webp | Restaurant_food_datasets/Dindigul_Thalappakatti/dindigul_thalappakatti_016.webp,Restaurant_food_datasets/southern_spice/southern_spice_012.webp:1.00 | Restaurant_food_datasets/southern_spice/southern_spice_015.webp:1.00 | Restaurant_food_datasets/Dindigul_Thalappakatti/dindigul_thalappakatti_002.webp:0.67
Traditional banana leaf meal,Dining Experience,Manual,20,1.0,1.0,1.0,1.0,1.0,Restaurant_food_datasets/southern_spice/southern_spice_007.webp,0.7270469665527344,Restaurant_food_datasets/southern_spice/southern_spice_007.webp | Restaurant_food_datasets/southern_spice/southern_spice_015.webp | Restaurant_food_datasets/Dindigul_Thalappakatti/dindigul_thalappakatti_025.webp | Restaurant_food_datasets/southern_spice/southern_spice_002.webp | Restaurant_food_datasets/a2b/a2b_013.webp,Restaurant_food_datasets/southern_spice/southern_spice_012.webp:1.00 | Restaurant_food_datasets/southern_spice/southern_spice_015.webp:1.00 | Restaurant_food_datasets/Dindigul_Thalappakatti/dindigul_thalappakatti_002.webp:0.67
Traditional banana leaf meal,Dining Experience,VLM,20,1.0,1.0,1.0,1.0,1.0,Restaurant_food_datasets/southern_spice/southern_spice_007.webp,0.7571135759353638,Restaurant_food_datasets/southern_spice/southern_spice_007.webp | Restaurant_food_datasets/southern_spice/southern_spice_015.webp | Restaurant_food_datasets/southern_spice/southern_spice_012.webp | Restaurant_food_datasets/Dindigul_Thalappakatti/dindigul_thalappakatti_025.webp | Restaurant_food_datasets/southern_spice/southern_spice_002.webp,Restaurant_food_datasets/southern_spice/southern_spice_012.webp:1.00 | Restaurant_food_datasets/southern_spice/southern_spice_015.webp:1.00 | Restaurant_food_datasets/Dindigul_Thalappakatti/dindigul_thalappakatti_002.webp:0.67
Sunday brunch buffet,Dining Experience,CLIP,1,3.0,0.0,1.0,1.0,0.3333333333333333,Restaurant_food_datasets/Absolute_Barbecues/absolute_barbecues_012.webp,0.2853355407714844,Restaurant_food_datasets/Absolute_Barbecues/absolute_barbecues_012.webp | Restaurant_food_datasets/Dindigul_Thalappakatti/dindigul_thalappakatti_017.webp | Restaurant_food_datasets/Absolute_Barbecues/absolute_barbecues_015.webp | Restaurant_food_datasets/Absolute_Barbecues/absolute_barbecues_003.webp | Restaurant_food_datasets/southern_spice/southern_spice_001.webp,Restaurant_food_datasets/Absolute_Barbecues/absolute_barbecues_003.webp:0.33 | Restaurant_food_datasets/Absolute_Barbecues/absolute_barbecues_007.webp:0.33 | Restaurant_food_datasets/Absolute_Barbecues/absolute_barbecues_011.webp:0.33
Sunday brunch buffet,Dining Experience,Manual,1,1.0,1.0,1.0,1.0,1.0,Restaurant_food_datasets/Absolute_Barbecues/absolute_barbecues_015.webp,0.5194072723388672,Restaurant_food_datasets/Absolute_Barbecues/absolute_barbecues_015.webp | Restaurant_food_datasets/Dindigul_Thalappakatti/dindigul_thalappakatti_003.webp | Restaurant_food_datasets/Dindigul_Thalappakatti/dindigul_thalappakatti_017.webp | Restaurant_food_datasets/Absolute_Barbecues/absolute_barbecues_003.webp | Restaurant_food_datasets/Absolute_Barbecues/absolute_barbecues_012.webp,Restaurant_food_datasets/Absolute_Barbecues/absolute_barbecues_003.webp:0.33 | Restaurant_food_datasets/Absolute_Barbecues/absolute_barbecues_007.webp:0.33 | Restaurant_food_datasets/Absolute_Barbecues/absolute_barbecues_011.webp:0.33
Sunday brunch buffet,Dining Experience,VLM,1,4.0,0.0,0.0,1.0,0.25,Restaurant_food_datasets/Dindigul_Thalappakatti/dindigul_thalappakatti_003.webp,0.49671584367752075,Restaurant_food_datasets/Dindigul_Thalappakatti/dindigul_thalappakatti_003.webp | Restaurant_food_datasets/Dindigul_Thalappakatti/dindigul_thalappakatti_017.webp | Restaurant_food_datasets/Absolute_Barbecues/absolute_barbecues_003.webp | Restaurant_food_datasets/Absolute_Barbecues/absolute_barbecues_015.webp | Restaurant_food_datasets/Absolute_Barbecues/absolute_barbecues_007.webp,Restaurant_food_datasets/Absolute_Barbecues/absolute_barbecues_003.webp:0.33 | Restaurant_food_datasets/Absolute_Barbecues/absolute_barbecues_007.webp:0.33 | Restaurant_food_datasets/Absolute_Barbecues/absolute_barbecues_011.webp:0.33
